Metric,Logistic,XGBoost
Precision,0.9950248756218906,0.9805825242718447
Recall,0.9900990099009901,1.0
F1 Score,0.9925558312655087,0.9901960784313726
AUC-ROC,0.9990907253990706,0.9989896948878562
AUC-PR,0.999556436468381,0.9994973137138476
