Metric,Score
model,Heuristic Rule
auc_roc,
auc_pr,
precision,0.8032786885245902
recall,0.7277227722772277
f1,0.7636363636363637
tn,62
fp,36
fn,55
tp,147
