Metric,Heuristic,Logistic
Precision,0.8032786885245902,0.9950248756218906
Recall,0.7277227722772277,0.9900990099009901
F1 Score,0.7636363636363637,0.9925558312655087
AUC-ROC,0.5,0.9990907253990706
