Model,AUC-ROC,AUC-PR,Precision,Recall,F1 Score,TP,FN,FP
Heuristic Rule,,,0.8032786885245902,0.7277227722772277,0.7636363636363637,147,55,36
Logistic Regression,0.9990907253990706,0.999556436468381,0.9950248756218906,0.9900990099009901,0.9925558312655087,200,2,1
XGBoost,0.9989896948878562,0.9994973137138476,0.9805825242718447,1.0,0.9901960784313726,202,0,4
