Model,AUC-ROC,AUC-PR,Precision,Recall,F1 Score,TP,FP,FN,TN
Heuristic,0.5,0.5,0.8032786885245902,0.7277227722772277,0.7636363636363637,147,36,55,62
Logistic,0.9990907253990706,0.999556436468381,0.9950248756218906,0.9900990099009901,0.9925558312655087,200,1,2,97
XGBoost,0.9989896948878562,0.9994973137138476,0.9805825242718447,1.0,0.9901960784313726,202,4,0,94
